{"cameraMode":{"drawMode":0,"name":"Shaded","section":"Shading Mode"},"sceneLighting":true,"audioPlay":false,"sceneViewState":{"showFog":false,"showMaterialUpdate":false,"showSkybox":false,"showFlares":false,"showImageEffects":false,"showParticleSystems":false,"showVisualEffectGraphs":false},"in2DMode":false,"pivot":{"x":-3.9970741271972658,"y":9.440589904785157,"z":5.481687545776367},"rotation":{"x":-0.09260474890470505,"y":-0.9064258933067322,"z":0.31289926171302798,"w":-0.2682191729545593},"size":64.90837860107422,"orthographic":true}