{"cameraMode":{"drawMode":0,"name":"Shaded","section":"Shading Mode"},"sceneLighting":false,"audioPlay":false,"sceneViewState":{"showFog":true,"showMaterialUpdate":false,"showSkybox":false,"showFlares":true,"showImageEffects":true,"showParticleSystems":true,"showVisualEffectGraphs":true},"in2DMode":false,"pivot":{"x":-0.10606127977371216,"y":0.8115310072898865,"z":0.15357327461242677},"rotation":{"x":0.005943487398326397,"y":-0.768728494644165,"z":0.6395134329795837,"w":0.007146988995373249},"size":1.4696006774902344,"orthographic":true}