{"cameraMode":{"drawMode":0,"name":"Shaded","section":"Shading Mode"},"sceneLighting":false,"audioPlay":false,"sceneViewState":{"showFog":false,"showMaterialUpdate":false,"showSkybox":false,"showFlares":false,"showImageEffects":false,"showParticleSystems":false,"showVisualEffectGraphs":false},"in2DMode":false,"pivot":{"x":12.704034805297852,"y":0.6356648206710815,"z":5.143972396850586},"rotation":{"x":0.00020676807616837323,"y":-0.9995630979537964,"z":0.03031366877257824,"w":0.008396390825510025},"size":1.573367953300476,"orthographic":true}