{"cameraMode":{"drawMode":0,"name":"Shaded","section":"Shading Mode"},"sceneLighting":false,"audioPlay":false,"sceneViewState":{"showFog":false,"showMaterialUpdate":false,"showSkybox":false,"showFlares":false,"showImageEffects":false,"showParticleSystems":false,"showVisualEffectGraphs":false},"in2DMode":false,"pivot":{"x":-0.10606127977371216,"y":0.8115310072898865,"z":0.15357327461242677},"rotation":{"x":-0.0018081507878378034,"y":-0.9919945597648621,"z":0.12597636878490449,"w":-0.013984889723360539},"size":1.2799984216690064,"orthographic":true}